department,budget,expenditure,utilization,predicted_expenditure,predicted_utilization
Health,1000000,850000,0.85,868224.2990654206,0.8682242990654206
Education,1200000,1150000,0.9583333333333334,1137383.1775700937,0.9478193146417447
Transport,800000,600000,0.75,599065.4205607476,0.7488317757009345
Agriculture,500000,200000,0.4,195327.1028037382,0.39065420560747643
